"","Method","PICP","ACE","PICPW","PIARW","PIARWW","MSIS","SWR","Upper coverage","Lower coverage","Time"
"1","BS",0.009575,0.890425,0.023425,0.25315,0.23575,46.314525,0.055175,0.783925,0.225625,396.53815
"2","EN",0.0086,0.8914,0.01875,0.20005,0.181025,46.4484,0.052225,0.783425,0.225175,112.505525
"3","BA",0.952025,-0.052025,0.690475,7.5643,6.861225,28.291475,0.145725,0.953125,0.9989,7546.9365
"4","QR",0.9444,-0.0444,0.583625,14.17675,10.82115,21.17805,0.11295,0.944775,0.999625,266.96705
"5","CP",0.92735,-0.02735,0.588775,8.608775,7.07545,21.4298,0.154725,0.930975,0.996375,14.0186
"6","CR",0.92735,-0.02735,0.588775,8.608775,7.07545,21.4298,0.154725,0.930975,0.996375,136.923125
