"","Method","PICP","ACE","PICPW","PIARW","PIARWW","MSIS","SWR","Upper coverage","Lower coverage","Time"
"1","BS",0.894008402163905,0.0096135333697048,0.596750603345101,0.448247633152919,0.495472345051958,0.688343385231673,1.17307679851649,0.148497815419588,0.550518061509956,1.16433057477209
"2","EN",1.02615867315861,0.00990011733134856,0.757026541929136,0.281220321614953,0.365688774546458,0.691694017113762,1.23627689253259,0.148753943674872,0.555689271957829,0.786602301547864
"3","BA",0.0483002731396538,-0.88386482529128,0.250042602319246,0.451840831299413,0.389890392883057,1.13293087628193,0.406377292995546,0.0485400134992557,0.00207109429027702,1.9093045742784
"4","QR",0.034139430209982,-0.726154907439347,0.123157400092565,0.728341426144808,0.69862874917391,0.792052704752833,0.840893558985852,0.0336369852393198,0.000519007374974723,0.159079751040673
"5","CP",0.0550300469855919,-1.86589082530489,0.191105981770997,0.588778072546493,0.555219396054733,0.901547031914512,0.731453002336964,0.0503827794607414,0.00727637686613973,0.899970753663655
"6","CR",0.0550300469855919,-1.86589082530489,0.191105981770997,0.588778072546493,0.555219396054733,0.901547031914512,0.731453002336964,0.0503827794607414,0.00727637686613973,0.76935739459993
