;Method;PICP;ACE;PICPW;PIARW;PIARWW;MSIS;SWR;Upper coverage;Lower coverage;Time
1;BS;0.860625739;0.009865568;0.516169796;0.420672094;0.481521234;0.691768238;1.127509759;0.150067608;0.553592282;0.826218447
2;EN;1.026158673;0.009900117;0.757026542;0.280962862;0.365807614;0.6916707;1.236276893;0.148753944;0.555689272;0.46617347
3;BA;0.048300273;-0.883864825;0.250042602;0.45183066;0.390144179;1.132608234;0.406936321;0.048540013;0.002071094;1.679700857
4;QR;0.03413943;-0.726154907;0.1231574;0.728341426;0.698628749;0.792052705;0.840893559;0.033636985;0.000519007;0.099549004
5;CP;0.055030047;-1.865890825;0.191105982;0.588778073;0.555219396;0.901547032;0.731453002;0.050382779;0.007276377;0.885112828
6;CR;0.055030047;-1.865890825;0.191105982;0.588778073;0.555219396;0.901547032;0.731453002;0.050382779;0.007276377;0.744598413
