"","Method","PICP","ACE","PICPW","PIARW","PIARWW","MSIS","SWR","Upper coverage","Lower coverage","Time"
"1","BA",0.9505,-0.0505,0.671625,7.052975,6.409,28.1981,0.151375,0.951625,0.9989,2900.7753
"2","BS",0.0122666666666667,0.887733333333333,0.0267,0.204066666666667,0.189866666666667,50.7886333333333,0.0722666666666667,0.738233333333333,0.273966666666667,920.991366666667
"3","CP",0.9116,-0.0116,0.47755,7.7443,6.351975,21.6667,0.16095,0.915225,0.996375,113.0239
"4","CR",0.9121,-0.0121,0.485725,8.3781,6.8854,21.54665,0.1545,0.915725,0.996375,1025.977025
"5","EN",0.0111,0.8889,0.021425,0.278175,0.246325,44.9524,0.062525,0.783825,0.227275,170.7813
"6","QR",0.9444,-0.0444,0.583625,14.188925,10.830025,21.19215,0.112925,0.944775,0.999625,340.07635
