"","Method","PICP","ACE","PICPW","PIARW","PIARWW","MSIS","SWR","Upper coverage","Lower coverage","Time"
"1","BS",0.8777648700822,0.00881655977468798,0.543579105047246,0.4270169411645,0.596319556392944,0.690048000590101,1.14925259860046,0.149540972880573,0.550176702259598,0
"2","EN",0.956128269570961,0.00854810453723653,0.708021489925573,0.289442977609604,0.477391051235373,0.68398019516303,1.14746490656276,0.148284455235808,0.549262452290745,0
"3","BA",0.363802749662381,1.59271039462291,0.347863785225107,0.396353234926391,0.423234774698404,1.2370540476235,0.416856270848609,0.0358890000916218,0.294866053637716,0
"4","QR",0.0657481809561042,6.22929042122409,0.224231543177397,0.633476405620791,0.661480634752542,0.901181077454442,0.679129800186904,0.0476122889313357,0.0201675948522909,0
"5","CP",0.0807141874007176,1.37651286697533,0.325578813058116,0.476435096645394,0.534540778241828,1.00848130580762,0.512536543637382,0.060853715885387,0.0276698049937696,0
"6","CR",0.0807141874007176,1.37651286697533,0.325578813058116,0.476435096645394,0.534540778241828,1.00848130580762,0.512536543637382,0.060853715885387,0.0276698049937696,0
