"","Method","PICP","ACE","PICPW","PIARW","PIARWW","MSIS","SWR","Upper coverage","Lower coverage","Time"
"1","BA",0.0465112819022444,-0.875425216793729,0.271420009959027,0.420690908682101,0.369256584189462,1.12592342858182,0.353817668341222,0.0468406770525722,0.00207109429027702,1.75386590808788
"2","BS",0.664506360196064,0.00918212453259809,0.5664724362713,0.341602618086564,0.466178858594797,0.737874690491681,0.931463576352523,0.119641119288316,0.348595420028029,0.207742647039204
"3","CP",0.0479594842173562,-3.76895394935706,0.367133859957708,0.5894813603027,0.534642343979442,0.903043652996107,0.661553816321879,0.0445101785211715,0.00727637686613973,1.74787846075618
"4","CR",0.0482160653703632,-3.63453497721556,0.336892409041108,0.578652745354862,0.540992605321708,0.906181008024242,0.723473477687417,0.0447237320612793,0.00727637686613973,1.4985958425109
"5","EN",1.08664733195534,0.0135693389410556,0.919351325821786,0.580550335913213,0.551296236754618,0.735170935116473,1.30172491922693,0.14775183477254,0.560992075041793,1.14418295949748
"6","QR",0.034139430209982,-0.726154907439347,0.123157400092565,0.728165682009978,0.698574828272048,0.791522742347144,0.841263025833526,0.0336369852393198,0.000519007374974723,0.406064199938683
