"","Method","PICP","ACE","PICPW","PIARW","PIARWW","MSIS","SWR","Upper coverage","Lower coverage","Time"
"1","BA",0.0483002731396538,-0.88386482529128,0.250042602319246,0.452055537718721,0.390243294639341,1.13229900641966,0.407071316949779,0.0485400134992557,0.00207109429027702,1.68118954556497
"2","BS",0.664506360196064,0.00918212453259809,0.5664724362713,0.341602618086564,0.466178858594797,0.737874690491681,0.931463576352523,0.119641119288316,0.348595420028029,0.347955617698012
"3","CP",0.0550300469855919,-1.86589082530489,0.191105981770997,0.588896521160155,0.555439726532651,0.901023716185669,0.731704776795933,0.0503827794607414,0.00727637686613973,1.55697628766745
"4","CR",0.0550300469855919,-1.86589082530489,0.191105981770997,0.588896521160155,0.555439726532651,0.901023716185669,0.731704776795933,0.0503827794607414,0.00727637686613973,1.471475898407
"5","EN",1.04630866715022,0.0100056438906931,0.830834327461464,0.628119031889854,0.583390659857885,0.733748439926206,1.24844245190085,0.148618956633176,0.555689271957829,0.945328496773522
"6","QR",0.034139430209982,-0.726154907439347,0.123157400092565,0.728165682009978,0.698574828272048,0.791522742347144,0.841263025833526,0.0336369852393198,0.000519007374974723,0.329288784402892
