"","Method","PICP","ACE","PICPW","PIARW","PIARWW","MSIS","SWR","Upper coverage","Lower coverage","Time"
"1","BS",0.8777648700822,0.00881655977468798,0.543579105047246,0.431349753973345,0.600318055519145,0.691030761340074,1.15111558274861,0.149540972880573,0.550176702259598,0
"2","EN",0.963738849304853,0.00872516322351842,0.709647642641072,0.292686609487043,0.479032769013251,0.684724954380338,1.15712637983516,0.148284455235808,0.549623965322896,0
"3","BA",0.364503506197433,1.6170921179505,0.345011552364018,0.399036266659596,0.427504630388668,1.23990202208499,0.420701883858376,0.0366638380533903,0.294877250900122,0
"4","QR",0.0624633513833686,12.8609886589688,0.220100929858629,0.633320086208481,0.662499210796916,0.899478306910301,0.685046861594296,0.0461054946050457,0.0184549944785429,0
"5","CP",0.0776775023793997,1.42012115089237,0.322528311433505,0.477624995398132,0.537307981899626,1.01233055087025,0.520650514873749,0.0603194175770555,0.024854519578698,0
"6","CR",0.0776775023793997,1.42012115089237,0.322528311433505,0.477624995398132,0.537307981899626,1.01233055087025,0.520650514873749,0.0603194175770555,0.024854519578698,0
