"","Method","PICP","ACE","PICPW","PIARW","PIARWW","MSIS","SWR","Upper coverage","Lower coverage","Time"
"1","BS",1.44505611893093,0.00973904540569799,0.621051921132464,0.47916944918377,0.812227474839768,0.695102372391494,1.71125990827526,0.151266642623813,0.55630505504065,0.56567370028059
"2","EN",1.89833402674673,0.0110852396297971,1.21349256666747,0.320530474830864,0.911382019162202,0.689421799195268,1.94456873229788,0.150060867170005,0.557744388765459,0.335381735384076
"3","BA",0.426775259334594,2.76141924907906,0.308237023483142,0.46486372774776,0.612174261225462,1.27565400175571,0.353131460393512,0.0563642422131756,0.342862284708861,1.00303698201201
"4","QR",0.0453368668069999,-0.605435427222921,0.264878092731317,0.744353171909746,0.983009238503574,0.704952791510592,0.594248323277226,0.0447667278677754,0.000550151291605186,0.145935780547668
"5","CP",0.438625575085225,2.99111393470367,0.304304459877209,0.662953725886674,0.780821696614156,0.579218170930893,0.741476292561477,0.0669057766829368,0.35203753012272,1.15855822459138
"6","CR",0.438625575085225,2.99111393470367,0.304304459877209,0.662953725886674,0.780821696614156,0.579218170930893,0.741476292561477,0.0669057766829368,0.35203753012272,1.04326185177433
