"","Method","PICP","ACE","PICPW","PIARW","PIARWW","MSIS","SWR","Upper coverage","Lower coverage","Time"
"1","BS",0.734846922834953,0.000817404808492678,1.2423607099441,0.432764279491187,0.790628751979297,0.690753995945172,0.538272479606956,0.15214496721659,0.536071228285612,0
"2","EN",1.16886917318959,0.000292290365888909,1.71318416990118,0.320211697736732,0.644901375152099,0.682770475977493,1.19301963477213,0.152069836684154,0.538272633779246,0
"3","BA",0.412918926989409,1.69142441553872,0.271881797134205,0.345448080156223,0.763978980641379,1.43778069443912,0.508013627400467,0.058529813610419,0.322582383690773,0
"4","QR",0.000250031253906711,-0.00250312891113893,0.000650211318678555,0.545394961917813,0.884415026430358,0.545389891511085,0.662700360194585,0.000250031253906711,0,0
"5","CP",0.547866265521157,1.71760416392539,0.30956498870452,0.430943939843101,0.837355887843769,0.70650758176682,0.545951334924815,0.119739130396318,0.37553323020017,0
"6","CR",0.547866265521157,1.71760416392539,0.30956498870452,0.430943939843101,0.837355887843769,0.70650758176682,0.545951334924815,0.119739130396318,0.37553323020017,0
