"","Method","PICP","ACE","PICPW","PIARW","PIARWW","MSIS","SWR","Upper coverage","Lower coverage","Time"
"1","BS",0.860625739111951,0.00986556814895695,0.516169795947689,0.420672093804939,0.481521234356432,0.69176823838421,1.12750975924603,0.150067607725359,0.553592282170419,0.525391302138434
"2","EN",1.02615867315861,0.00990011733134856,0.757026541929136,0.281220321614953,0.365688774546458,0.691694017113762,1.23627689253259,0.148753943674872,0.555689271957829,0.381348841829371
"3","BA",0.0483002731396538,-0.88386482529128,0.250042602319246,0.451840831299413,0.389890392883057,1.13293087628193,0.406377292995546,0.0485400134992557,0.00207109429027702,1.62259359805794
"4","QR",0.034139430209982,-0.726154907439347,0.123157400092565,0.728341426144808,0.69862874917391,0.792052704752833,0.840893558985852,0.0336369852393198,0.000519007374974723,0.27979471026851
"5","CP",0.0550300469855919,-1.86589082530489,0.191105981770997,0.588778072546493,0.555219396054733,0.901547031914512,0.731453002336964,0.0503827794607414,0.00727637686613973,1.2530124059595
"6","CR",0.0550300469855919,-1.86589082530489,0.191105981770997,0.588778072546493,0.555219396054733,0.901547031914512,0.731453002336964,0.0503827794607414,0.00727637686613973,1.10513359741438
