"","Method","PICP","ACE","PICPW","PIARW","PIARWW","MSIS","SWR","Upper coverage","Lower coverage","Time"
"1","BS",0.860625739111951,0.00986556814895695,0.516169795947689,0.420672093804939,0.481521234356432,0.69176823838421,1.12750975924603,0.150067607725359,0.553592282170419,0.826218446999032
"2","EN",1.02615867315861,0.00990011733134856,0.757026541929136,0.280962861660223,0.365807614033159,0.691670700228894,1.23627689253259,0.148753943674872,0.555689271957829,0.466173470255087
"3","BA",0.0483002731396538,-0.88386482529128,0.250042602319246,0.451830659682728,0.390144179120563,1.13260823366982,0.406936321354686,0.0485400134992557,0.00207109429027702,1.67970085706858
"4","QR",0.034139430209982,-0.726154907439347,0.123157400092565,0.728341426144808,0.69862874917391,0.792052704752833,0.840893558985852,0.0336369852393198,0.000519007374974723,0.0995490036987053
"5","CP",0.0550300469855919,-1.86589082530489,0.191105981770997,0.588778072546493,0.555219396054733,0.901547031914512,0.731453002336964,0.0503827794607414,0.00727637686613973,0.885112827694827
"6","CR",0.0550300469855919,-1.86589082530489,0.191105981770997,0.588778072546493,0.555219396054733,0.901547031914512,0.731453002336964,0.0503827794607414,0.00727637686613973,0.744598413390019
